CATEGORY_LEVEL_1,CATEGORY_LEVEL_2,TASK,START_DATE,END_DATE,DURATION,STATUS,COMPLETE,RESOURCE
Project One,Category A,Draft action plan,"Sat Mar 20 2021 17:00:00 GMT-0700 (Pacific Daylight Time)","Wed Mar 24 2021 17:00:00 GMT-0700 (Pacific Daylight Time)",4,Review,0.75,Andrew
Project One,Category A,Finalize proposal,"Tue Mar 16 2021 17:00:00 GMT-0700 (Pacific Daylight Time)","Thu Mar 18 2021 17:00:00 GMT-0700 (Pacific Daylight Time)",2,Review,0.5,Joe
Project One,Category A,Proposal draft,"Thu Mar 04 2021 16:00:00 GMT-0800 (Pacific Standard Time)","Mon Mar 08 2021 16:00:00 GMT-0800 (Pacific Standard Time)",4,Complete,1,Steve
Project One,Category A,RFP review,"Sun Feb 28 2021 16:00:00 GMT-0800 (Pacific Standard Time)","Tue Mar 02 2021 16:00:00 GMT-0800 (Pacific Standard Time)",2,Complete,1,Andrew
Project One,Category B,Client consultation,"Wed Apr 28 2021 17:00:00 GMT-0700 (Pacific Daylight Time)","Sun May 02 2021 17:00:00 GMT-0700 (Pacific Daylight Time)",4,Planning,0.25,Jane
Project One,Category B,Project phase,"Thu Apr 01 2021 17:00:00 GMT-0700 (Pacific Daylight Time)","Mon Apr 19 2021 17:00:00 GMT-0700 (Pacific Daylight Time)",18,Planning,0.4,Andrew
Project One,Category B,Review,"Sun May 02 2021 17:00:00 GMT-0700 (Pacific Daylight Time)","Tue May 04 2021 17:00:00 GMT-0700 (Pacific Daylight Time)",2,Deleted,0,Susan
Project One,Category B,Review action plan,"Fri Mar 26 2021 17:00:00 GMT-0700 (Pacific Daylight Time)","Sun Mar 28 2021 17:00:00 GMT-0700 (Pacific Daylight Time)",2,Review,0.6,Steve
Project Two,Category C,Analyze Usage Details,"Wed Jun 02 2021 17:00:00 GMT-0700 (Pacific Daylight Time)","Fri Jun 11 2021 17:00:00 GMT-0700 (Pacific Daylight Time)",9,Planning,0,Steve
Project Two,Category C,Plan for Implementation,"Fri May 21 2021 17:00:00 GMT-0700 (Pacific Daylight Time)","Sun May 23 2021 17:00:00 GMT-0700 (Pacific Daylight Time)",2,Review,0.9,Andrew
Project Two,Category C,Research Trends,"Thu May 06 2021 17:00:00 GMT-0700 (Pacific Daylight Time)","Tue May 11 2021 17:00:00 GMT-0700 (Pacific Daylight Time)",5,Review,0.1,Steve
Project Two,Category C,Research Users,"Fri May 14 2021 17:00:00 GMT-0700 (Pacific Daylight Time)","Sat May 22 2021 17:00:00 GMT-0700 (Pacific Daylight Time)",8,Review,0.4,Joe
Project Two,Category C,Top Secret,"Wed Jun 16 2021 17:00:00 GMT-0700 (Pacific Daylight Time)","Sun Jun 20 2021 17:00:00 GMT-0700 (Pacific Daylight Time)",4,Planning,0.2,Andrew
Project Two,Category D,Production Release,"Thu Sep 02 2021 17:00:00 GMT-0700 (Pacific Daylight Time)","Sun Sep 05 2021 17:00:00 GMT-0700 (Pacific Daylight Time)",3,Planning,,Susan
Project Two,Category D,Production Stage A,"Sat Jul 10 2021 17:00:00 GMT-0700 (Pacific Daylight Time)","Thu Jul 22 2021 17:00:00 GMT-0700 (Pacific Daylight Time)",12,Planning,0,Joe
Project Two,Category D,Production Stage B,"Sun Jul 18 2021 17:00:00 GMT-0700 (Pacific Daylight Time)","Wed Jul 21 2021 17:00:00 GMT-0700 (Pacific Daylight Time)",3,Deleted,,Andrew
Project Two,Category D,Production Stage D,"Wed Aug 04 2021 17:00:00 GMT-0700 (Pacific Daylight Time)","Mon Aug 16 2021 17:00:00 GMT-0700 (Pacific Daylight Time)",12,Review,,Andrew
Project Two,Category D,Production Stage E,"Sun Aug 22 2021 17:00:00 GMT-0700 (Pacific Daylight Time)","Mon Aug 30 2021 17:00:00 GMT-0700 (Pacific Daylight Time)",8,Review,,Jane
Project Two,Category D,Review,"Sun Aug 01 2021 17:00:00 GMT-0700 (Pacific Daylight Time)","Tue Aug 24 2021 17:00:00 GMT-0700 (Pacific Daylight Time)",23,Review,,Steve
Project Two,Category D,Testing,"Wed Jun 30 2021 17:00:00 GMT-0700 (Pacific Daylight Time)","Wed Jul 07 2021 17:00:00 GMT-0700 (Pacific Daylight Time)",7,Planning,0.15,Steve
