PRODUCT_KEY,PRODUCT_CODE,PRODUCT_NAME,PRODUCT_CATEGORY,MSRP
62b141855439f4ba3f52036409a9fd14,S24_3969,AMC Gremlin,Vintage Cars,41
e99d5f4747d9abb3e4148d0317dac3df,S18_2248,Station Wagon,Vintage Cars,60
f95ed59fd3313855e03af1b96334e685,S18_1749,Bugatti Veyron,Vintage Cars,170
429d1bfa2660c76daf6d27f99e10c40e,S18_4409,Ford Edsel,Vintage Cars,92
9bdf7d6aaeffea97a4ab0f562fe54026,S18_2795,PT Cruiser,Vintage Cars,168
fb74c462a79ab6342c1a81bfb0bbd8d8,S24_2022,Plymouth Prowler,Vintage Cars,44
7e1421596451e8efe4ac99cf6fc783be,S24_1937,AMC Pacer,Vintage Cars,33
ef8e0274836db61155b2f6329206ffb6,S18_2325,Woodie,Vintage Cars,127
0f9d5980a25db90042904451d0a5e05a,S24_2300,American Lafrance Condor,Trucks and Buses,127
cb8c67582619ea414d24c5c6d8fd6dab,S18_2432,Coachman 2000,Trucks and Buses,60
296efc252c7855537b5d9e6015bf42b8,S32_1268,Might-E Truck,Trucks and Buses,96
e942647a76a029cdf8b499535e8369fa,S18_4600,VW Bus,Trucks and Buses,121
8999db1250fa1b1b78a91b3020c96ceb,S18_1097,Single Decker,Trucks and Buses,116
ee70767225aa56305fcf148268c7958b,S18_3136,Jaguar S-3,Vintage Cars,104
b23ab77791d4abcc9730801e242cd23a,S18_2957,Jeep CJ,Vintage Cars,62
7f786025d97ade48aeda315c10800426,S50_1514,Bullet Train,Trains,58
9532e8488792cc5c22fd6c8ec12bac4f,S700_1138,RMS Atlantic,Ships,66
aedae6fb43d90d40697e318ab1389dd1,S72_3212,Argonaut,Ships,54
c2452046ea49b1523c46c7af63025049,S24_3816,1969 Camaro,Vintage Cars,83
749030f02ae7b78213c85c58d2e59275,S18_1662,Lockheed C-5 Galaxy,Planes,157
5dc04de4b43f9602f397e553c4fabb1a,S24_2841,Antonov An-225 Mriya,Planes,68
07eeb95e0bb59811e7d43ddf77616b66,S32_4289,Citroen DS,Vintage Cars,68
acd91eaf98346fd1f83ab6a1d19c1988,S24_2011,USS Abraham Lincoln,Ships,122
217493c2883968aaa1832b842ce2b453,S700_2466,Boeing Dreamlifter,Planes,99
15671bebddafb6383ba7129a94f1e52b,S24_2360,BMW K100RS,Motorcycles,69
4e39c7478b10e4122f5e587a91579683,S700_2047,Oceanic,Ships,90
9836b95e4329a9de25f2e600ae2261c8,S18_4668,Chrysler Airflow,Vintage Cars,50
e630080c058e9d84de652a52d807710d,S18_4522,Tata Nano,Vintage Cars,87
26d2f5e1ea4fb4a890d113cd32e0bdf8,S700_2834,Boeing 747-8,Planes,118
6713d2d431b8c03f1a4d7b4c5508d1a4,S24_3949,Airbus Beluga,Planes,68
3c906a8b468dc1f9339448f23b879b58,S32_1374,Ducati M900 Monster,Motorcycles,99
6d8d82a44d88d6880ecc5e16ed64c5b4,S50_4713,Ducati 916,Motorcycles,81
8ad05d5135e0c7fd2b0e921dd5582540,S24_3151,Chevy SSR,Vintage Cars,88
adf08e04e2241c3d90d0c76579ec09b5,S32_3207,Orient Express,Trains,62
ebaf416a90567a80efd7754a7827de12,S18_2319,School Bus,Trucks and Buses,122
2a21b53ea6adf00c5199e9662b48c912,S24_4278,Airbus A340-600,Planes,72
60133b7c30ca2da4d348274d261e349a,S700_4002,Stratolaunch,Planes,74
36e13294db8a9f6cbfa41be214ae691d,S24_1785,Antonov An-124,Planes,109
755073cfc1f890c6728c87041be6f0ed,S700_3505,Victory,Ships,100
3d8c8baddb4fcee08501d57c9d66fa2f,S18_3782,"Honda VF750F ""Interceptor""",Motorcycles,62
4ce115de0b772300ec5ab483f17ad364,S18_3856,1957 Ford Thunderbird,Vintage Cars,105
0eba164044586bcd308f41161814b215,S700_3167,Airbus Beluga XL,Planes,80
dd2c18e5f7818a1141b360fed8583eb2,S32_3522,Dumper 2000,Trucks and Buses,64
f638f6f732b4c3911251ebf648fc707f,S24_4258,Mercedes-Benz 300SL Gullwing,Vintage Cars,97
99733605e1ea651ec564248e05f77741,S50_1392,Kenworth T680,Trucks and Buses,115
8a785b8db2f7883f6d07fab1305af27d,S24_1578,Benelli Sei,Motorcycles,112
2b90cd1e941239da1f68caca77cbe2b9,S18_3259,Trans-Siberian Express,Trains,100
2d013ff9914b67851d15eaf35a3fe5fa,S18_3140,Lotus Esprit,Vintage Cars,136
a8255aff8d0bcaea118f10808010680b,S32_4485,Britten V1000,Motorcycles,102
00fbdf7a967dd2fa60e33ae8e47d11b7,S12_4473,Double Decker 400,Trucks and Buses,118
cec7da6c5b14596b8636143a3ec5227e,S700_1938,SS Britannic,Ships,86
9a8713be677676e97c36b8de196947db,S24_3420,Alfa Romeo Spider,Vintage Cars,65
4b3c13ef8cba644de0a2c4d016f83684,S18_3029,Titanic,Ships,86
cd0f60c4410a9de77da04fb01e74c504,S18_1367,Maserati Quattroporte,Vintage Cars,53
5f19c6baacfc48de37988df9f7505d80,S700_3962,Enterprise,Ships,99
325a76ec55097780dea7210114a8f2fd,S10_4698,Moto Guzzi Le Mans 1,Motorcycles,193
42bc5ab2181389db26370b0775ea0b13,S18_2949,SUV,Vintage Cars,101
160c98a87b552140008a1a24a6aa3ac1,S700_1691,Airbus A380,Planes,91
3d79931afbc0f719d77cf2039dd2454b,S12_1666,Minibus 1000,Trucks and Buses,136
556041d9b2a373801b5605e1df474fbe,S50_1341,Cadillac Series 62,Vintage Cars,43
a2cea97b93875997fdaf88fde1e3c2d8,S12_2823,Harley-Davidson XR-750,Motorcycles,150
059b0a19b578ef7681b8ce1e800f6dce,S700_2610,Bismarck,Ships,72
ff0f004a2bd95bc5437fda6accd38e4c,S10_2016,Harley-Davidson XLCR,Motorcycles,118
104aabbcfb8c1e26f28b9f9ea0fca802,S24_2000,Kawasaki GPZ900R Ninja,Motorcycles,76
2f1940aaee16632276d6ba6b5b709615,S18_1342,Mercedes McLaren SLR,Vintage Cars,102
5b08e4e5f9eaf52da6ca86f51c7c44f9,S18_3320,Porsche 928,Vintage Cars,99
aa113b147744445b1bc1031382e66333,S32_2206,Yamaha GTS1000,Motorcycles,40
d10787622bfaf1dcb4e15f4c74ba85ae,S18_2581,Boeing 747,Planes,84
e817b0892771f99cde2aee2deae8cbd0,S72_1253,Boeing 777X-9,Planes,49
aa68b2de920874d9a07af7afd22493b3,S18_2625,Suzuki Katana,Motorcycles,60
c57855c679250d9702f2557f9f8c44df,S10_1678,Honda GL1000 Gold Wing,Motorcycles,95
8bff119b349bf271ef0684a15808ea18,S32_2509,Fiat Ducato,Trucks and Buses,54
