PRODUCT_KEY,PRODUCT_CATEGORY,PRODUCT_CODE,PRODUCT_NAME,MSRP
1,Classic Cars,S10_1949,1935 Duesenberg SJ LA Phaeton,214
2,Classic Cars,S10_4757,1957 Corvette,136
3,Classic Cars,S10_4962,Volkwagen Beetle,147
4,Classic Cars,S12_1099,Ferrari Enzo,194
5,Classic Cars,S12_1108,Toyota XB Scion,207
6,Classic Cars,S12_3148,Aston Martin DB9,151
7,Classic Cars,S12_3380,Shelby Cobra,117
8,Classic Cars,S12_3891,Lamborghini Countach,173
9,Classic Cars,S12_3990,Dodge Viper,79
10,Classic Cars,S12_4675,Hummer H1,115
11,Classic Cars,S18_1129,Reliant Robin,141
12,Classic Cars,S18_1589,Loremo LS,124
13,Classic Cars,S18_1889,1968-1969 Dodge Charger,77
14,Classic Cars,S18_1984,Rolls Royce Phantom,142
15,Classic Cars,S18_2238,Studebaker Commander,163
16,Classic Cars,S18_2870,1959 Cadillac Eldorado,132
17,Classic Cars,S18_3232,Porsche 911,169
18,Classic Cars,S18_3278,Shelby Mustang Cobra,80
19,Classic Cars,S18_3482,1978 Pontiac Firebird Trans Am,146
20,Classic Cars,S18_3685,Delorean DMC 12,141
21,Classic Cars,S18_4027,1932 Ford Roadster,143
22,Classic Cars,S18_4721,1955 Chevy Bel Air,148
23,Classic Cars,S18_4933,Ford GT40,71
24,Classic Cars,S24_1046,Tesla,73
25,Classic Cars,S24_1444,1937 Packard,57
26,Classic Cars,S24_1628,Toyota 2000GT,50
27,Classic Cars,S24_2766,Jaguar xk120,90
28,Classic Cars,S24_2840,Toyota Prius,35
29,Classic Cars,S24_2887,Mini Cooper,117
30,Classic Cars,S24_2972,El Camino,37
31,Classic Cars,S24_3191,Stout Scarab,85
32,Classic Cars,S24_3371,Pierce Silver Arrow,61
33,Classic Cars,S24_3432,1969 Chevelle,107
34,Classic Cars,S24_3856,Mazda Miata,140
35,Classic Cars,S24_4048,Audi TT,118
36,Classic Cars,S24_4620,Bentley Continental,80
37,Classic Cars,S700_2824,Ferrari 288,101
38,Motorcycles,S10_1678,Honda GL1000 Gold Wing,95
39,Motorcycles,S10_2016,Harley-Davidson XLCR,118
40,Motorcycles,S10_4698,Moto Guzzi Le Mans 1,193
41,Motorcycles,S12_2823,Harley-Davidson XR-750,150
42,Motorcycles,S18_2625,Suzuki Katana,60
43,Motorcycles,S18_3782,"Honda VF750F ""Interceptor""",62
44,Motorcycles,S24_1578,Benelli Sei,112
45,Motorcycles,S24_2000,Kawasaki GPZ900R Ninja,76
46,Motorcycles,S24_2360,BMW K100RS,69
47,Motorcycles,S32_1374,Ducati M900 Monster,99
48,Motorcycles,S32_2206,Yamaha GTS1000,40
49,Motorcycles,S32_4485,Britten V1000,102
50,Motorcycles,S50_4713,Ducati 916,81
51,Planes,S18_1662,Lockheed C-5 Galaxy,157
52,Planes,S18_2581,Boeing 747,84
53,Planes,S24_1785,Antonov An-124,109
54,Planes,S24_2841,Antonov An-225 Mriya,68
55,Planes,S24_3949,Airbus Beluga,68
56,Planes,S24_4278,Airbus A340-600,72
57,Planes,S700_1691,Airbus A380,91
58,Planes,S700_2466,Boeing Dreamlifter,99
59,Planes,S700_2834,Boeing 747-8,118
60,Planes,S700_3167,Airbus Beluga XL,80
61,Planes,S700_4002,Stratolaunch,74
62,Planes,S72_1253,Boeing 777X-9,49
63,Ships,S18_3029,Titanic,86
64,Ships,S24_2011,USS Abraham Lincoln,122
65,Ships,S700_1138,RMS Atlantic,66
66,Ships,S700_1938,SS Britannic,86
67,Ships,S700_2047,Oceanic,90
68,Ships,S700_2610,Bismarck,72
69,Ships,S700_3505,Victory,100
70,Ships,S700_3962,Enterprise,99
71,Ships,S72_3212,Argonaut,54
72,Trains,S18_3259,Trans-Siberian Express,100
73,Trains,S32_3207,Orient Express,62
74,Trains,S50_1514,Bullet Train,58
75,Trucks and Buses,S12_1666,Minibus 1000,136
76,Trucks and Buses,S12_4473,Double Decker 400,118
77,Trucks and Buses,S18_1097,Single Decker,116
78,Trucks and Buses,S18_2319,School Bus,122
79,Trucks and Buses,S18_2432,Coachman 2000,60
80,Trucks and Buses,S18_4600,VW Bus,121
81,Trucks and Buses,S24_2300,American Lafrance Condor,127
82,Trucks and Buses,S32_1268,Might-E Truck,96
83,Trucks and Buses,S32_2509,Fiat Ducato,54
84,Trucks and Buses,S32_3522,Dumper 2000,64
85,Trucks and Buses,S50_1392,Kenworth T680,115
86,Vintage Cars,S18_1342,Mercedes McLaren SLR,102
87,Vintage Cars,S18_1367,Maserati Quattroporte,53
88,Vintage Cars,S18_1749,Bugatti Veyron,170
89,Vintage Cars,S18_2248,Station Wagon,60
90,Vintage Cars,S18_2325,Woodie,127
91,Vintage Cars,S18_2795,PT Cruiser,168
92,Vintage Cars,S18_2949,SUV,101
93,Vintage Cars,S18_2957,Jeep CJ,62
94,Vintage Cars,S18_3136,Jaguar S-3,104
95,Vintage Cars,S18_3140,Lotus Esprit,136
96,Vintage Cars,S18_3320,Porsche 928,99
97,Vintage Cars,S18_3856,1957 Ford Thunderbird,105
98,Vintage Cars,S18_4409,Ford Edsel,92
99,Vintage Cars,S18_4522,Tata Nano,87
100,Vintage Cars,S18_4668,Chrysler Airflow,50
101,Vintage Cars,S24_1937,AMC Pacer,33
102,Vintage Cars,S24_2022,Plymouth Prowler,44
103,Vintage Cars,S24_3151,Chevy SSR,88
104,Vintage Cars,S24_3420,Alfa Romeo Spider,65
105,Vintage Cars,S24_3816,1969 Camaro,83
106,Vintage Cars,S24_3969,AMC Gremlin,41
107,Vintage Cars,S24_4258,Mercedes-Benz 300SL Gullwing,97
108,Vintage Cars,S32_4289,Citroen DS,68
109,Vintage Cars,S50_1341,Cadillac Series 62,43
