COUNTRY_ID,COUNTRY_CODE,COUNTRY_DESCR,POPULATION,GDP_PER_CAPITA
1,AFG,Afghanistan,32526562,594
3,DZA,Algeria,39666519,4206
8,ARG,Argentina,43416755,13432
9,ARM,Armenia,3017712,3489
11,AUS,Australia,23781169,56311
12,AUT,Austria,8611088,43775
13,AZE,Azerbaijan,9651349,5496
14,BHS,Bahamas,388019,22817
15,BRN,Bahrain,1377237,22600
17,BRB,Barbados,284215,15429
18,BLR,Belarus,9513000,5740
19,BEL,Belgium,11285721,40324
26,BWA,Botswana,2262485,6360
27,BRA,Brazil,207847528,8539
30,BGR,Bulgaria,7177991,6993
34,CMR,Cameroon,23344179,1217
35,CAN,Canada,35851774,43249
40,CHL,Chile,17948141,13416
41,CHN,China,1371220000,8028
42,COL,Colombia,48228704,6056
47,CRI,Costa Rica,4807850,11260
49,HRV,Croatia,4224404,11536
50,CUB,Cuba,11389562,
51,CYP,Cyprus,1165300,23243
52,CZE,Czech Republic,10551219,17548
53,DNK,Denmark,5676002,51989
56,DOM,Dominican Republic,10528391,6468
58,ECU,Ecuador,16144363,6205
59,EGY,Egypt,91508084,3615
62,ERI,Eritrea,5792984,593
63,EST,Estonia,1311998,17119
64,ETH,Ethiopia,99390750,619
66,FIN,Finland,5482013,42311
67,FRA,France,66808385,36206
68,GAB,Gabon,1725292,8266
70,GEO,Georgia,3679000,3796
71,DEU,Germany,81413145,41313
73,GRC,Greece,10823732,18002
74,GRD,Grenada,106825,9212
76,GTM,Guatemala,16342897,3903
82,HKG,Hong Kong*,7305700,42328
83,HUN,Hungary,9844686,12364
84,ISL,Iceland,330823,50173
85,IND,India,1311050527,1598
86,IDN,Indonesia,257563815,3346
87,IRN,Iran,79109272,
89,IRL,Ireland,4640703,61134
90,ISR,Israel,8380400,35728
91,ITA,Italy,60802085,29958
92,JAM,Jamaica,2725941,5232
93,JPN,Japan,126958472,32477
95,KAZ,Kazakhstan,17544126,10510
96,KEN,Kenya,46050302,1377
97,PRK,North Korea,25155317,
98,KOR,South Korea,50617045,27222
99,KWT,Kuwait,3892115,29301
100,KGZ,Kyrgyzstan,5957000,1103
102,LVA,Latvia,1978440,13649
108,LTU,Lithuania,2910199,14147
110,MKD,Macedonia,2078453,4853
113,MYS,Malaysia,30331007,9768
118,MUS,Mauritius,1262605,9252
119,MEX,Mexico,127017224,9005
121,MDA,Moldova,3554150,1848
123,MNG,Mongolia,2959134,3968
124,MAR,Morocco,34377511,2878
125,MOZ,Mozambique,27977863,529
130,NLD,Netherlands,16936520,44300
132,NZL,New Zealand,4595700,37808
135,NGA,Nigeria,182201962,2640
136,NOR,Norway,5195921,74400
141,PAN,Panama,3929141,13268
143,PRY,Paraguay,6639123,4081
146,POL,Poland,37999494,12555
147,PRT,Portugal,10348648,19222
148,PRI,Puerto Rico,3474182,
149,QAT,Qatar,2235355,73653
151,RUS,Russia,144096812,9093
159,SAU,Saudi Arabia,31540372,20482
161,SRB,Serbia,7098247,5235
164,SGP,Singapore,5535002,52889
165,SVK,Slovakia,5424050,16088
166,SLO,Slovenia,2063768,20727
169,ZAF,South Africa,54956920,5724
170,ESP,Spain,46418269,25832
171,LKA,Sri Lanka,20966000,3926
172,SDN,Sudan,40234882,2415
175,SWE,Sweden,9798871,50580
176,CHE,Switzerland,8286976,80945
177,SYR,Syria,18502413,
178,TWN,Taiwan,,
179,TJK,Tajikistan,8481855,926
181,THA,Thailand,67959359,5815
182,TGO,Togo,7304578,560
184,TTO,Trinidad and Tobago,1360088,17322
185,TUN,Tunisia,11107800,3873
186,TUR,Turkey,78665830,9126
188,UGA,Uganda,39032383,705
189,UKR,Ukraine,45198200,2115
190,ARE,United Arab Emirates,9156963,40439
191,GBR,United Kingdom,65138232,43876
192,USA,United States,321418820,56116
193,URY,Uruguay,3431555,15574
194,UZB,Uzbekistan,31299500,2132
196,VEN,Venezuela,31108083,
197,VNM,Vietnam,91703800,2111
201,ZWE,Zimbabwe,15602751,924
210,MNE,Montenegro,,
211,ROU,Romania,,
218,YUG,Yugoslavia,,
