EVENT_ID,SPORT,DISCIPLINE,EVENT
1,Aquatics,Diving,10M Platform
2,Aquatics,Diving,3M Springboard
5,Aquatics,Diving,Synchronized 10M Platform
6,Aquatics,Diving,Synchronized 3M Platform
7,Aquatics,Swimming,100M Backstroke
8,Aquatics,Swimming,100M Breaststroke
9,Aquatics,Swimming,100M Butterfly
10,Aquatics,Swimming,100M Freestyle
13,Aquatics,Swimming,1500M Freestyle
14,Aquatics,Swimming,200M Backstroke
15,Aquatics,Swimming,200M Breaststroke
16,Aquatics,Swimming,200M Butterfly
17,Aquatics,Swimming,200M Freestyle
18,Aquatics,Swimming,200M Individual Medley
23,Aquatics,Swimming,400M Freestyle
24,Aquatics,Swimming,400M Individual Medley
25,Aquatics,Swimming,4X100M Freestyle Relay
26,Aquatics,Swimming,4X100M Medley Relay
27,Aquatics,Swimming,4X200M Freestyle Relay
29,Aquatics,Swimming,50M Freestyle
31,Aquatics,Swimming,800M Freestyle
33,Aquatics,Swimming,Marathon 10KM
35,Aquatics,Synchronized Swimming,Duet
37,Aquatics,Synchronized Swimming,Team
38,Aquatics,Water polo,Water Polo
52,Archery,Archery,Individual
53,Archery,Archery,Individual (Fita Olympic Round - 70M)
64,Archery,Archery,Team
65,Archery,Archery,Team (Fita Olympic Round - 70M)
69,Athletics,Athletics,10000M
71,Athletics,Athletics,100M
72,Athletics,Athletics,100M Hurdles
74,Athletics,Athletics,110M Hurdles
75,Athletics,Athletics,1500M
76,Athletics,Athletics,200M
78,Athletics,Athletics,20KM Race Walk
79,Athletics,Athletics,20KM Walk
81,Athletics,Athletics,3000M Steeple
82,Athletics,Athletics,3000M Steeplechase
89,Athletics,Athletics,400M
90,Athletics,Athletics,400M Hurdles
92,Athletics,Athletics,4X100M Relay
93,Athletics,Athletics,4X400M Relay
95,Athletics,Athletics,5000M
97,Athletics,Athletics,50KM Walk
100,Athletics,Athletics,800M
104,Athletics,Athletics,Decathlon
105,Athletics,Athletics,Discus Throw
108,Athletics,Athletics,Hammer Throw
109,Athletics,Athletics,Heptathlon
110,Athletics,Athletics,High Jump
112,Athletics,Athletics,Javelin Throw
115,Athletics,Athletics,Long Jump
117,Athletics,Athletics,Marathon
119,Athletics,Athletics,Pole Vault
120,Athletics,Athletics,Shot Put
123,Athletics,Athletics,Triple Jump
125,Badminton,Badminton,Doubles
126,Badminton,Badminton,Singles
127,Baseball,Baseball,Baseball
128,Basketball,Basketball,Basketball
151,Boxing,Boxing,+91KG
153,Boxing,Boxing,48KG
154,Boxing,Boxing,49KG
156,Boxing,Boxing,51KG
159,Boxing,Boxing,52KG
161,Boxing,Boxing,54KG
163,Boxing,Boxing,56KG
165,Boxing,Boxing,57KG
167,Boxing,Boxing,60KG
170,Boxing,Boxing,63.5KG
171,Boxing,Boxing,64KG
174,Boxing,Boxing,67KG
175,Boxing,Boxing,69 KG
177,Boxing,Boxing,71KG
180,Boxing,Boxing,75KG
183,Boxing,Boxing,81KG
184,Boxing,Boxing,91KG
185,Canoe / Kayak,Canoe Slalom,C-1
186,Canoe / Kayak,Canoe Slalom,C-2
187,Canoe / Kayak,Canoe Slalom,K-1
189,Canoe / Kayak,Canoe Sprint,C-1 1000M
190,Canoe / Kayak,Canoe Sprint,C-1 200M
191,Canoe / Kayak,Canoe Sprint,C-1 500M
193,Canoe / Kayak,Canoe Sprint,C-2 1000M
194,Canoe / Kayak,Canoe Sprint,C-2 500M
197,Canoe / Kayak,Canoe Sprint,K-1 1000M
198,Canoe / Kayak,Canoe Sprint,K-1 200M
200,Canoe / Kayak,Canoe Sprint,K-1 500M
203,Canoe / Kayak,Canoe Sprint,K-2 1000M
204,Canoe / Kayak,Canoe Sprint,K-2 200M
205,Canoe / Kayak,Canoe Sprint,K-2 500M
206,Canoe / Kayak,Canoe Sprint,K-4 1000M
207,Canoe / Kayak,Canoe Sprint,K-4 500M
213,Cycling,BMX,Individual
214,Cycling,Cycling BMX,Individual
215,Cycling,Cycling Road,Individual Road Race
216,Cycling,Cycling Road,Individual Time Trial
218,Cycling,Cycling Road,Time Trial
228,Cycling,Cycling Track,1KM Time Trial
236,Cycling,Cycling Track,500M Time Trial
238,Cycling,Cycling Track,Individual Pursuit
239,Cycling,Cycling Track,Keirin
240,Cycling,Cycling Track,Madison
241,Cycling,Cycling Track,Olympic Sprint
242,Cycling,Cycling Track,Omnium
244,Cycling,Cycling Track,Points Race
245,Cycling,Cycling Track,Sprint
246,Cycling,Cycling Track,Sprint Indivual
247,Cycling,Cycling Track,Team Pursuit
248,Cycling,Cycling Track,Team Pursuit (4000M)
249,Cycling,Cycling Track,Team Sprint
250,Cycling,Mountain Bike,Cross-Country
251,Equestrian,Dressage,Individual
252,Equestrian,Dressage,Team
253,Equestrian,Eventing,Individual
254,Equestrian,Eventing,Team
256,Equestrian,Jumping,Individual
258,Equestrian,Jumping,Team
261,Fencing,Fencing,Épée Individual
262,Fencing,Fencing,Épée Team
265,Fencing,Fencing,"Foil, Individual"
266,Fencing,Fencing,"Foil, Team"
268,Fencing,Fencing,"Sabre, Individual"
269,Fencing,Fencing,"Sabre, Team"
272,Field Hockey,Field Hockey,Field Hockey
273,Football,Football,Football
276,Gymnastics,Gymnastics Artistic,Balance Beam
277,Gymnastics,Gymnastics Artistic,Beam
281,Gymnastics,Gymnastics Artistic,Floor Exercises
282,Gymnastics,Gymnastics Artistic,Horizontal Bar
284,Gymnastics,Gymnastics Artistic,Individual All-Around
285,Gymnastics,Gymnastics Artistic,Parallel Bars
286,Gymnastics,Gymnastics Artistic,Pommel Horse
287,Gymnastics,Gymnastics Artistic,Rings
290,Gymnastics,Gymnastics Artistic,Team Competition
297,Gymnastics,Gymnastics Artistic,Uneven Bars
298,Gymnastics,Gymnastics Artistic,Vault
299,Gymnastics,Gymnastics Rhythmic,Group Competition
300,Gymnastics,Gymnastics Rhythmic,Individual All-Around
301,Gymnastics,Trampoline,Individual
302,Handball,Handball,Handball
305,Judo,Judo,+100KG
307,Judo,Judo,+78KG
311,Judo,Judo,100KG
312,Judo,Judo,48KG
313,Judo,Judo,52KG
315,Judo,Judo,57KG
316,Judo,Judo,60KG
318,Judo,Judo,63KG
320,Judo,Judo,66KG
322,Judo,Judo,70KG
325,Judo,Judo,73KG
326,Judo,Judo,78KG
328,Judo,Judo,81KG
330,Judo,Judo,90KG
338,Modern Pentathlon,Modern Pentath.,Individual Competition
340,Modern Pentathlon,Modern Pentathlon,Individual
346,Rowing,Rowing,Coxless Four
348,Rowing,Rowing,Coxless Pair (2-)
349,Rowing,Rowing,Coxless Pair 2-
350,Rowing,Rowing,Double Sculls
351,Rowing,Rowing,Double Sculls (2X)
352,Rowing,Rowing,Eight With Coxswain
353,Rowing,Rowing,Eight With Coxswain (8+)
354,Rowing,Rowing,Four Without Coxswain (4-)
356,Rowing,Rowing,Lightweight 4
357,Rowing,Rowing,Lightweight Coxless Four (4-)
358,Rowing,Rowing,Lightweight Double Sculls (2X)
359,Rowing,Rowing,Lightweight Doubles
360,Rowing,Rowing,Pair Without Coxswain (2-)
362,Rowing,Rowing,Quadruple Sculls
364,Rowing,Rowing,Quadruple Sculls Without Coxswain (4X)
365,Rowing,Rowing,Single Sculls
366,Rowing,Rowing,Single Sculls (1X)
382,Sailing,Sailing,470
383,Sailing,Sailing,470 - Two Person Dinghy
384,Sailing,Sailing,49Er - Skiff
396,Sailing,Sailing,Board (Mistral)
399,Sailing,Sailing,Elliott 6M
400,Sailing,Sailing,Finn
401,Sailing,Sailing,Finn - Heavyweight Dinghy
403,Sailing,Sailing,Fleet/Match Race Keelboat Open (Soling)
405,Sailing,Sailing,Laser
406,Sailing,Sailing,Laser - One Person Dinghy
407,Sailing,Sailing,Laser Radial
408,Sailing,Sailing,Laser Radial - One Person Dinghy
411,Sailing,Sailing,Rs:X
412,Sailing,Sailing,Rs:X - Windsurfer
414,Sailing,Sailing,Single-Handed Dinghy (Europe)
415,Sailing,Sailing,Single-Handed Dinghy (Finn)
416,Sailing,Sailing,Single-Handed Dinghy Open (Laser)
417,Sailing,Sailing,Star
418,Sailing,Sailing,Star - Keelboat
421,Sailing,Sailing,Tornado - Multihull
422,Sailing,Sailing,Two-Person Keelboat Open (Star)
423,Sailing,Sailing,Yngling - Keelboat
430,Shooting,Shooting,10M Air Pistol
431,Shooting,Shooting,10M Air Pistol (40 Shots)
432,Shooting,Shooting,10M Air Pistol (60 Shots)
433,Shooting,Shooting,10M Air Rifle
434,Shooting,Shooting,10M Air Rifle (40 Shots)
435,Shooting,Shooting,10M Air Rifle (60 Shots)
436,Shooting,Shooting,10M Running Target (30+30 Shots)
438,Shooting,Shooting,25M Pistol
439,Shooting,Shooting,25M Pistol (30+30 Shots)
440,Shooting,Shooting,25M Rapid Fire Pistol (60 Shots)
441,Shooting,Shooting,25M Rapid Pistol
454,Shooting,Shooting,50M Pistol
455,Shooting,Shooting,50M Pistol (60 Shots)
456,Shooting,Shooting,50M Rifle 3 Positions
457,Shooting,Shooting,50M Rifle 3 Positions (3X20 Shots)
458,Shooting,Shooting,50M Rifle 3 Positions (3X40 Shots)
459,Shooting,Shooting,50M Rifle Prone
460,Shooting,Shooting,50M Rifle Prone (60 Shots)
476,Shooting,Shooting,Double Trap (120 Targets)
477,Shooting,Shooting,Double Trap (150 Targets)
478,Shooting,Shooting,Double Trap 150
481,Shooting,Shooting,Skeet
482,Shooting,Shooting,Skeet (125 Targets)
483,Shooting,Shooting,Skeet (75 Targets)
484,Shooting,Shooting,Trap
485,Shooting,Shooting,Trap (125 Targets)
486,Shooting,Shooting,Trap (75 Targets)
557,Softball,Softball,Softball
558,Table Tennis,Table Tennis,Doubles
559,Table Tennis,Table Tennis,Singles
560,Table Tennis,Table Tennis,Team
561,Taekwondo,Taekwondo,+67KG
562,Taekwondo,Taekwondo,+80KG
563,Taekwondo,Taekwondo,49KG
564,Taekwondo,Taekwondo,57KG
565,Taekwondo,Taekwondo,58KG
566,Taekwondo,Taekwondo,67KG
567,Taekwondo,Taekwondo,68KG
568,Taekwondo,Taekwondo,80KG
569,Tennis,Tennis,Doubles
571,Tennis,Tennis,Mixed Doubles
573,Tennis,Tennis,Singles
575,Triathlon,Triathlon,Individual
577,Volleyball,Beach volley.,Beach Volleyball
578,Volleyball,Beach Volleyball,Beach Volleyball
579,Volleyball,Volleyball,Volleyball
583,Weightlifting,Weightlifting,+105KG
586,Weightlifting,Weightlifting,+75KG
592,Weightlifting,Weightlifting,105KG
595,Weightlifting,Weightlifting,48KG
597,Weightlifting,Weightlifting,53KG
599,Weightlifting,Weightlifting,56KG
600,Weightlifting,Weightlifting,58KG
606,Weightlifting,Weightlifting,62KG
607,Weightlifting,Weightlifting,63KG
611,Weightlifting,Weightlifting,69KG
613,Weightlifting,Weightlifting,75KG
617,Weightlifting,Weightlifting,77KG
622,Weightlifting,Weightlifting,85KG
625,Weightlifting,Weightlifting,94KG
636,Wrestling,Wrestling Freestyle,120KG
637,Wrestling,Wrestling Freestyle,130KG
639,Wrestling,Wrestling Freestyle,48 KG
640,Wrestling,Wrestling Freestyle,48KG
643,Wrestling,Wrestling Freestyle,54KG
644,Wrestling,Wrestling Freestyle,55 KG
645,Wrestling,Wrestling Freestyle,55KG
649,Wrestling,Wrestling Freestyle,58KG
650,Wrestling,Wrestling Freestyle,60 KG
652,Wrestling,Wrestling Freestyle,60KG
656,Wrestling,Wrestling Freestyle,63 KG
657,Wrestling,Wrestling Freestyle,63KG
659,Wrestling,Wrestling Freestyle,66 KG
661,Wrestling,Wrestling Freestyle,66KG
665,Wrestling,Wrestling Freestyle,69KG
668,Wrestling,Wrestling Freestyle,72 KG
669,Wrestling,Wrestling Freestyle,72KG
671,Wrestling,Wrestling Freestyle,74 KG
672,Wrestling,Wrestling Freestyle,74KG
674,Wrestling,Wrestling Freestyle,76KG
679,Wrestling,Wrestling Freestyle,84 KG
680,Wrestling,Wrestling Freestyle,84KG
681,Wrestling,Wrestling Freestyle,85KG
684,Wrestling,Wrestling Freestyle,96 KG
685,Wrestling,Wrestling Freestyle,96KG
686,Wrestling,Wrestling Freestyle,97KG
694,Wrestling,Wrestling Greco-Roman,120 KG
695,Wrestling,Wrestling Greco-Roman,120KG
696,Wrestling,Wrestling Greco-Roman,130KG
699,Wrestling,Wrestling Greco-Roman,54KG
700,Wrestling,Wrestling Greco-Roman,55 KG
701,Wrestling,Wrestling Greco-Roman,55KG
704,Wrestling,Wrestling Greco-Roman,58KG
705,Wrestling,Wrestling Greco-Roman,60 KG
706,Wrestling,Wrestling Greco-Roman,60KG
709,Wrestling,Wrestling Greco-Roman,63KG
710,Wrestling,Wrestling Greco-Roman,66 KG
712,Wrestling,Wrestling Greco-Roman,66KG
716,Wrestling,Wrestling Greco-Roman,69KG
720,Wrestling,Wrestling Greco-Roman,74 KG
721,Wrestling,Wrestling Greco-Roman,74KG
723,Wrestling,Wrestling Greco-Roman,76KG
728,Wrestling,Wrestling Greco-Roman,84 KG
729,Wrestling,Wrestling Greco-Roman,84KG
730,Wrestling,Wrestling Greco-Roman,85KG
734,Wrestling,Wrestling Greco-Roman,96 KG
735,Wrestling,Wrestling Greco-Roman,96KG
736,Wrestling,Wrestling Greco-Roman,97KG
